v 3.0.12,,Number,Channel
dcommand/fadermodule/mixer/strips/0/track/meter/0,cc,64,1
dcommand/fadermodule/mixer/strips/0/track/meter/1,cc,65,1
dcommand/fadermodule/mixer/strips/0/track/encoder/0/knob,cc,105,1
dcommand/fadermodule/mixer/strips/0/track/encoder/0/select,cc,108,1
dcommand/fadermodule/mixer/strips/0/track/encoder/0/bmp,cc,109,1
dcommand/fadermodule/mixer/strips/0/track/encoder/1/knob,cc,106,1
dcommand/fadermodule/mixer/strips/0/track/encoder/1/select,cc,110,1
dcommand/fadermodule/mixer/strips/0/track/encoder/1/bmp,cc,111,1
dcommand/fadermodule/mixer/strips/0/track/pagedn,cc,112,1
dcommand/fadermodule/mixer/strips/0/track/pageup,cc,113,1
dcommand/fadermodule/mixer/strips/0/track/insert,cc,114,1
dcommand/fadermodule/mixer/strips/0/track/pan,cc,115,1
dcommand/fadermodule/mixer/strips/0/track/bypmute,cc,116,1
dcommand/fadermodule/mixer/strips/0/track/send,cc,117,1
dcommand/fadermodule/mixer/strips/0/track/input,cc,104,1
dcommand/fadermodule/mixer/strips/0/track/record,cc,102,1
dcommand/fadermodule/mixer/strips/0/track/select,cc,103,1
dcommand/fadermodule/mixer/strips/0/track/solo,cc,101,1
dcommand/fadermodule/mixer/strips/0/track/mute,cc,100,1
dcommand/fadermodule/mixer/strips/0/track/fader,cc,107,1
dcommand/fadermodule/mixer/strips/0/track/autoselect,cc,118,1
dcommand/fadermodule/mixer/strips/0/track/autotrim,cc,119,1
dcommand/fadermodule/mixer/strips/1/track/meter/0,cc,64,2
dcommand/fadermodule/mixer/strips/1/track/meter/1,cc,65,2
dcommand/fadermodule/mixer/strips/1/track/encoder/0/knob,cc,105,2
dcommand/fadermodule/mixer/strips/1/track/encoder/0/select,cc,108,2
dcommand/fadermodule/mixer/strips/1/track/encoder/0/bmp,cc,109,2
dcommand/fadermodule/mixer/strips/1/track/encoder/1/knob,cc,106,2
dcommand/fadermodule/mixer/strips/1/track/encoder/1/select,cc,110,2
dcommand/fadermodule/mixer/strips/1/track/encoder/1/bmp,cc,111,2
dcommand/fadermodule/mixer/strips/1/track/pagedn,cc,112,2
dcommand/fadermodule/mixer/strips/1/track/pageup,cc,113,2
dcommand/fadermodule/mixer/strips/1/track/insert,cc,114,2
dcommand/fadermodule/mixer/strips/1/track/pan,cc,115,2
dcommand/fadermodule/mixer/strips/1/track/bypmute,cc,116,2
dcommand/fadermodule/mixer/strips/1/track/send,cc,117,2
dcommand/fadermodule/mixer/strips/1/track/input,cc,104,2
dcommand/fadermodule/mixer/strips/1/track/record,cc,102,2
dcommand/fadermodule/mixer/strips/1/track/select,cc,103,2
dcommand/fadermodule/mixer/strips/1/track/solo,cc,101,2
dcommand/fadermodule/mixer/strips/1/track/mute,cc,100,2
dcommand/fadermodule/mixer/strips/1/track/fader,cc,107,2
dcommand/fadermodule/mixer/strips/1/track/autoselect,cc,118,2
dcommand/fadermodule/mixer/strips/1/track/autotrim,cc,119,2
dcommand/fadermodule/mixer/strips/2/track/meter/0,cc,64,3
dcommand/fadermodule/mixer/strips/2/track/meter/1,cc,65,3
dcommand/fadermodule/mixer/strips/2/track/encoder/0/knob,cc,105,3
dcommand/fadermodule/mixer/strips/2/track/encoder/0/select,cc,108,3
dcommand/fadermodule/mixer/strips/2/track/encoder/0/bmp,cc,109,3
dcommand/fadermodule/mixer/strips/2/track/encoder/1/knob,cc,106,3
dcommand/fadermodule/mixer/strips/2/track/encoder/1/select,cc,110,3
dcommand/fadermodule/mixer/strips/2/track/encoder/1/bmp,cc,111,3
dcommand/fadermodule/mixer/strips/2/track/pagedn,cc,112,3
dcommand/fadermodule/mixer/strips/2/track/pageup,cc,113,3
dcommand/fadermodule/mixer/strips/2/track/insert,cc,114,3
dcommand/fadermodule/mixer/strips/2/track/pan,cc,115,3
dcommand/fadermodule/mixer/strips/2/track/bypmute,cc,116,3
dcommand/fadermodule/mixer/strips/2/track/send,cc,117,3
dcommand/fadermodule/mixer/strips/2/track/input,cc,104,3
dcommand/fadermodule/mixer/strips/2/track/record,cc,102,3
dcommand/fadermodule/mixer/strips/2/track/select,cc,103,3
dcommand/fadermodule/mixer/strips/2/track/solo,cc,101,3
dcommand/fadermodule/mixer/strips/2/track/mute,cc,100,3
dcommand/fadermodule/mixer/strips/2/track/fader,cc,107,3
dcommand/fadermodule/mixer/strips/2/track/autoselect,cc,118,3
dcommand/fadermodule/mixer/strips/2/track/autotrim,cc,119,3
dcommand/fadermodule/mixer/strips/3/track/meter/0,cc,64,4
dcommand/fadermodule/mixer/strips/3/track/meter/1,cc,65,4
dcommand/fadermodule/mixer/strips/3/track/encoder/0/knob,cc,105,4
dcommand/fadermodule/mixer/strips/3/track/encoder/0/select,cc,108,4
dcommand/fadermodule/mixer/strips/3/track/encoder/0/bmp,cc,109,4
dcommand/fadermodule/mixer/strips/3/track/encoder/1/knob,cc,106,4
dcommand/fadermodule/mixer/strips/3/track/encoder/1/select,cc,110,4
dcommand/fadermodule/mixer/strips/3/track/encoder/1/bmp,cc,111,4
dcommand/fadermodule/mixer/strips/3/track/pagedn,cc,112,4
dcommand/fadermodule/mixer/strips/3/track/pageup,cc,113,4
dcommand/fadermodule/mixer/strips/3/track/insert,cc,114,4
dcommand/fadermodule/mixer/strips/3/track/pan,cc,115,4
dcommand/fadermodule/mixer/strips/3/track/bypmute,cc,116,4
dcommand/fadermodule/mixer/strips/3/track/send,cc,117,4
dcommand/fadermodule/mixer/strips/3/track/input,cc,104,4
dcommand/fadermodule/mixer/strips/3/track/record,cc,102,4
dcommand/fadermodule/mixer/strips/3/track/select,cc,103,4
dcommand/fadermodule/mixer/strips/3/track/solo,cc,101,4
dcommand/fadermodule/mixer/strips/3/track/mute,cc,100,4
dcommand/fadermodule/mixer/strips/3/track/fader,cc,107,4
dcommand/fadermodule/mixer/strips/3/track/autoselect,cc,118,4
dcommand/fadermodule/mixer/strips/3/track/autotrim,cc,119,4
dcommand/fadermodule/mixer/strips/4/track/meter/0,cc,64,5
dcommand/fadermodule/mixer/strips/4/track/meter/1,cc,65,5
dcommand/fadermodule/mixer/strips/4/track/encoder/0/knob,cc,105,5
dcommand/fadermodule/mixer/strips/4/track/encoder/0/select,cc,108,5
dcommand/fadermodule/mixer/strips/4/track/encoder/0/bmp,cc,109,5
dcommand/fadermodule/mixer/strips/4/track/encoder/1/knob,cc,106,5
dcommand/fadermodule/mixer/strips/4/track/encoder/1/select,cc,110,5
dcommand/fadermodule/mixer/strips/4/track/encoder/1/bmp,cc,111,5
dcommand/fadermodule/mixer/strips/4/track/pagedn,cc,112,5
dcommand/fadermodule/mixer/strips/4/track/pageup,cc,113,5
dcommand/fadermodule/mixer/strips/4/track/insert,cc,114,5
dcommand/fadermodule/mixer/strips/4/track/pan,cc,115,5
dcommand/fadermodule/mixer/strips/4/track/bypmute,cc,116,5
dcommand/fadermodule/mixer/strips/4/track/send,cc,117,5
dcommand/fadermodule/mixer/strips/4/track/input,cc,104,5
dcommand/fadermodule/mixer/strips/4/track/record,cc,102,5
dcommand/fadermodule/mixer/strips/4/track/select,cc,103,5
dcommand/fadermodule/mixer/strips/4/track/solo,cc,101,5
dcommand/fadermodule/mixer/strips/4/track/mute,cc,100,5
dcommand/fadermodule/mixer/strips/4/track/fader,cc,107,5
dcommand/fadermodule/mixer/strips/4/track/autoselect,cc,118,5
dcommand/fadermodule/mixer/strips/4/track/autotrim,cc,119,5
dcommand/fadermodule/mixer/strips/5/track/meter/0,cc,64,6
dcommand/fadermodule/mixer/strips/5/track/meter/1,cc,65,6
dcommand/fadermodule/mixer/strips/5/track/encoder/0/knob,cc,105,6
dcommand/fadermodule/mixer/strips/5/track/encoder/0/select,cc,108,6
dcommand/fadermodule/mixer/strips/5/track/encoder/0/bmp,cc,109,6
dcommand/fadermodule/mixer/strips/5/track/encoder/1/knob,cc,106,6
dcommand/fadermodule/mixer/strips/5/track/encoder/1/select,cc,110,6
dcommand/fadermodule/mixer/strips/5/track/encoder/1/bmp,cc,111,6
dcommand/fadermodule/mixer/strips/5/track/pagedn,cc,112,6
dcommand/fadermodule/mixer/strips/5/track/pageup,cc,113,6
dcommand/fadermodule/mixer/strips/5/track/insert,cc,114,6
dcommand/fadermodule/mixer/strips/5/track/pan,cc,115,6
dcommand/fadermodule/mixer/strips/5/track/bypmute,cc,116,6
dcommand/fadermodule/mixer/strips/5/track/send,cc,117,6
dcommand/fadermodule/mixer/strips/5/track/input,cc,104,6
dcommand/fadermodule/mixer/strips/5/track/record,cc,102,6
dcommand/fadermodule/mixer/strips/5/track/select,cc,103,6
dcommand/fadermodule/mixer/strips/5/track/solo,cc,101,6
dcommand/fadermodule/mixer/strips/5/track/mute,cc,100,6
dcommand/fadermodule/mixer/strips/5/track/fader,cc,107,6
dcommand/fadermodule/mixer/strips/5/track/autoselect,cc,118,6
dcommand/fadermodule/mixer/strips/5/track/autotrim,cc,119,6
dcommand/fadermodule/mixer/strips/6/track/meter/0,cc,64,7
dcommand/fadermodule/mixer/strips/6/track/meter/1,cc,65,7
dcommand/fadermodule/mixer/strips/6/track/encoder/0/knob,cc,105,7
dcommand/fadermodule/mixer/strips/6/track/encoder/0/select,cc,108,7
dcommand/fadermodule/mixer/strips/6/track/encoder/0/bmp,cc,109,7
dcommand/fadermodule/mixer/strips/6/track/encoder/1/knob,cc,106,7
dcommand/fadermodule/mixer/strips/6/track/encoder/1/select,cc,110,7
dcommand/fadermodule/mixer/strips/6/track/encoder/1/bmp,cc,111,7
dcommand/fadermodule/mixer/strips/6/track/pagedn,cc,112,7
dcommand/fadermodule/mixer/strips/6/track/pageup,cc,113,7
dcommand/fadermodule/mixer/strips/6/track/insert,cc,114,7
dcommand/fadermodule/mixer/strips/6/track/pan,cc,115,7
dcommand/fadermodule/mixer/strips/6/track/bypmute,cc,116,7
dcommand/fadermodule/mixer/strips/6/track/send,cc,117,7
dcommand/fadermodule/mixer/strips/6/track/input,cc,104,7
dcommand/fadermodule/mixer/strips/6/track/record,cc,102,7
dcommand/fadermodule/mixer/strips/6/track/select,cc,103,7
dcommand/fadermodule/mixer/strips/6/track/solo,cc,101,7
dcommand/fadermodule/mixer/strips/6/track/mute,cc,100,7
dcommand/fadermodule/mixer/strips/6/track/fader,cc,107,7
dcommand/fadermodule/mixer/strips/6/track/autoselect,cc,118,7
dcommand/fadermodule/mixer/strips/6/track/autotrim,cc,119,7
dcommand/fadermodule/mixer/strips/7/track/meter/0,cc,64,8
dcommand/fadermodule/mixer/strips/7/track/meter/1,cc,65,8
dcommand/fadermodule/mixer/strips/7/track/encoder/0/knob,cc,105,8
dcommand/fadermodule/mixer/strips/7/track/encoder/0/select,cc,108,8
dcommand/fadermodule/mixer/strips/7/track/encoder/0/bmp,cc,109,8
dcommand/fadermodule/mixer/strips/7/track/encoder/1/knob,cc,106,8
dcommand/fadermodule/mixer/strips/7/track/encoder/1/select,cc,110,8
dcommand/fadermodule/mixer/strips/7/track/encoder/1/bmp,cc,111,8
dcommand/fadermodule/mixer/strips/7/track/pagedn,cc,112,8
dcommand/fadermodule/mixer/strips/7/track/pageup,cc,113,8
dcommand/fadermodule/mixer/strips/7/track/insert,cc,114,8
dcommand/fadermodule/mixer/strips/7/track/pan,cc,115,8
dcommand/fadermodule/mixer/strips/7/track/bypmute,cc,116,8
dcommand/fadermodule/mixer/strips/7/track/send,cc,117,8
dcommand/fadermodule/mixer/strips/7/track/input,cc,104,8
dcommand/fadermodule/mixer/strips/7/track/record,cc,102,8
dcommand/fadermodule/mixer/strips/7/track/select,cc,103,8
dcommand/fadermodule/mixer/strips/7/track/solo,cc,101,8
dcommand/fadermodule/mixer/strips/7/track/mute,cc,100,8
dcommand/fadermodule/mixer/strips/7/track/fader,cc,107,8
dcommand/fadermodule/mixer/strips/7/track/autoselect,cc,118,8
dcommand/fadermodule/mixer/strips/7/track/autotrim,cc,119,8
dcommand/fadermodule/mixer/strips/8/track/meter/0,cc,60,9
dcommand/fadermodule/mixer/strips/8/track/meter/1,cc,61,9
dcommand/fadermodule/mixer/strips/8/track/encoder/0/knob,cc,5,9
dcommand/fadermodule/mixer/strips/8/track/encoder/0/select,cc,8,9
dcommand/fadermodule/mixer/strips/8/track/encoder/0/bmp,cc,9,9
dcommand/fadermodule/mixer/strips/8/track/encoder/1/knob,cc,6,9
dcommand/fadermodule/mixer/strips/8/track/encoder/1/select,cc,10,9
dcommand/fadermodule/mixer/strips/8/track/encoder/1/bmp,cc,11,9
dcommand/fadermodule/mixer/strips/8/track/pagedn,cc,12,9
dcommand/fadermodule/mixer/strips/8/track/pageup,cc,13,9
dcommand/fadermodule/mixer/strips/8/track/insert,cc,14,9
dcommand/fadermodule/mixer/strips/8/track/pan,cc,15,9
dcommand/fadermodule/mixer/strips/8/track/bypmute,cc,16,9
dcommand/fadermodule/mixer/strips/8/track/send,cc,17,9
dcommand/fadermodule/mixer/strips/8/track/input,cc,4,9
dcommand/fadermodule/mixer/strips/8/track/record,cc,2,9
dcommand/fadermodule/mixer/strips/8/track/select,cc,3,9
dcommand/fadermodule/mixer/strips/8/track/solo,cc,1,9
dcommand/fadermodule/mixer/strips/8/track/mute,cc,0,9
dcommand/fadermodule/mixer/strips/8/track/fader,cc,7,9
dcommand/fadermodule/mixer/strips/8/track/autoselect,cc,18,9
dcommand/fadermodule/mixer/strips/8/track/autotrim,cc,19,9
dcommand/fadermodule/mixer/strips/9/track/meter/0,cc,60,10
dcommand/fadermodule/mixer/strips/9/track/meter/1,cc,61,10
dcommand/fadermodule/mixer/strips/9/track/encoder/0/knob,cc,5,10
dcommand/fadermodule/mixer/strips/9/track/encoder/0/select,cc,8,10
dcommand/fadermodule/mixer/strips/9/track/encoder/0/bmp,cc,9,10
dcommand/fadermodule/mixer/strips/9/track/encoder/1/knob,cc,6,10
dcommand/fadermodule/mixer/strips/9/track/encoder/1/select,cc,10,10
dcommand/fadermodule/mixer/strips/9/track/encoder/1/bmp,cc,11,10
dcommand/fadermodule/mixer/strips/9/track/pagedn,cc,12,10
dcommand/fadermodule/mixer/strips/9/track/pageup,cc,13,10
dcommand/fadermodule/mixer/strips/9/track/insert,cc,14,10
dcommand/fadermodule/mixer/strips/9/track/pan,cc,15,10
dcommand/fadermodule/mixer/strips/9/track/bypmute,cc,16,10
dcommand/fadermodule/mixer/strips/9/track/send,cc,17,10
dcommand/fadermodule/mixer/strips/9/track/input,cc,4,10
dcommand/fadermodule/mixer/strips/9/track/record,cc,2,10
dcommand/fadermodule/mixer/strips/9/track/select,cc,3,10
dcommand/fadermodule/mixer/strips/9/track/solo,cc,1,10
dcommand/fadermodule/mixer/strips/9/track/mute,cc,0,10
dcommand/fadermodule/mixer/strips/9/track/fader,cc,7,10
dcommand/fadermodule/mixer/strips/9/track/autoselect,cc,18,10
dcommand/fadermodule/mixer/strips/9/track/autotrim,cc,19,10
dcommand/fadermodule/mixer/strips/10/track/meter/0,cc,60,11
dcommand/fadermodule/mixer/strips/10/track/meter/1,cc,61,11
dcommand/fadermodule/mixer/strips/10/track/encoder/0/knob,cc,5,11
dcommand/fadermodule/mixer/strips/10/track/encoder/0/select,cc,8,11
dcommand/fadermodule/mixer/strips/10/track/encoder/0/bmp,cc,9,11
dcommand/fadermodule/mixer/strips/10/track/encoder/1/knob,cc,6,11
dcommand/fadermodule/mixer/strips/10/track/encoder/1/select,cc,10,11
dcommand/fadermodule/mixer/strips/10/track/encoder/1/bmp,cc,11,11
dcommand/fadermodule/mixer/strips/10/track/pagedn,cc,12,11
dcommand/fadermodule/mixer/strips/10/track/pageup,cc,13,11
dcommand/fadermodule/mixer/strips/10/track/insert,cc,14,11
dcommand/fadermodule/mixer/strips/10/track/pan,cc,15,11
dcommand/fadermodule/mixer/strips/10/track/bypmute,cc,16,11
dcommand/fadermodule/mixer/strips/10/track/send,cc,17,11
dcommand/fadermodule/mixer/strips/10/track/input,cc,4,11
dcommand/fadermodule/mixer/strips/10/track/record,cc,2,11
dcommand/fadermodule/mixer/strips/10/track/select,cc,3,11
dcommand/fadermodule/mixer/strips/10/track/solo,cc,1,11
dcommand/fadermodule/mixer/strips/10/track/mute,cc,0,11
dcommand/fadermodule/mixer/strips/10/track/fader,cc,7,11
dcommand/fadermodule/mixer/strips/10/track/autoselect,cc,18,11
dcommand/fadermodule/mixer/strips/10/track/autotrim,cc,19,11
dcommand/fadermodule/mixer/strips/11/track/meter/0,cc,60,12
dcommand/fadermodule/mixer/strips/11/track/meter/1,cc,61,12
dcommand/fadermodule/mixer/strips/11/track/encoder/0/knob,cc,5,12
dcommand/fadermodule/mixer/strips/11/track/encoder/0/select,cc,8,12
dcommand/fadermodule/mixer/strips/11/track/encoder/0/bmp,cc,9,12
dcommand/fadermodule/mixer/strips/11/track/encoder/1/knob,cc,6,12
dcommand/fadermodule/mixer/strips/11/track/encoder/1/select,cc,10,12
dcommand/fadermodule/mixer/strips/11/track/encoder/1/bmp,cc,11,12
dcommand/fadermodule/mixer/strips/11/track/pagedn,cc,12,12
dcommand/fadermodule/mixer/strips/11/track/pageup,cc,13,12
dcommand/fadermodule/mixer/strips/11/track/insert,cc,14,12
dcommand/fadermodule/mixer/strips/11/track/pan,cc,15,12
dcommand/fadermodule/mixer/strips/11/track/bypmute,cc,16,12
dcommand/fadermodule/mixer/strips/11/track/send,cc,17,12
dcommand/fadermodule/mixer/strips/11/track/input,cc,4,12
dcommand/fadermodule/mixer/strips/11/track/record,cc,2,12
dcommand/fadermodule/mixer/strips/11/track/select,cc,3,12
dcommand/fadermodule/mixer/strips/11/track/solo,cc,1,12
dcommand/fadermodule/mixer/strips/11/track/mute,cc,0,12
dcommand/fadermodule/mixer/strips/11/track/fader,cc,7,12
dcommand/fadermodule/mixer/strips/11/track/autoselect,cc,18,12
dcommand/fadermodule/mixer/strips/11/track/autotrim,cc,19,12
dcommand/fadermodule/mixer/strips/12/track/meter/0,cc,60,13
dcommand/fadermodule/mixer/strips/12/track/meter/1,cc,61,13
dcommand/fadermodule/mixer/strips/12/track/encoder/0/knob,cc,5,13
dcommand/fadermodule/mixer/strips/12/track/encoder/0/select,cc,8,13
dcommand/fadermodule/mixer/strips/12/track/encoder/0/bmp,cc,9,13
dcommand/fadermodule/mixer/strips/12/track/encoder/1/knob,cc,6,13
dcommand/fadermodule/mixer/strips/12/track/encoder/1/select,cc,10,13
dcommand/fadermodule/mixer/strips/12/track/encoder/1/bmp,cc,11,13
dcommand/fadermodule/mixer/strips/12/track/pagedn,cc,12,13
dcommand/fadermodule/mixer/strips/12/track/pageup,cc,13,13
dcommand/fadermodule/mixer/strips/12/track/insert,cc,14,13
dcommand/fadermodule/mixer/strips/12/track/pan,cc,15,13
dcommand/fadermodule/mixer/strips/12/track/bypmute,cc,16,13
dcommand/fadermodule/mixer/strips/12/track/send,cc,17,13
dcommand/fadermodule/mixer/strips/12/track/input,cc,4,13
dcommand/fadermodule/mixer/strips/12/track/record,cc,2,13
dcommand/fadermodule/mixer/strips/12/track/select,cc,3,13
dcommand/fadermodule/mixer/strips/12/track/solo,cc,1,13
dcommand/fadermodule/mixer/strips/12/track/mute,cc,0,13
dcommand/fadermodule/mixer/strips/12/track/fader,cc,7,13
dcommand/fadermodule/mixer/strips/12/track/autoselect,cc,18,13
dcommand/fadermodule/mixer/strips/12/track/autotrim,cc,19,13
dcommand/fadermodule/mixer/strips/13/track/meter/0,cc,60,14
dcommand/fadermodule/mixer/strips/13/track/meter/1,cc,61,14
dcommand/fadermodule/mixer/strips/13/track/encoder/0/knob,cc,5,14
dcommand/fadermodule/mixer/strips/13/track/encoder/0/select,cc,8,14
dcommand/fadermodule/mixer/strips/13/track/encoder/0/bmp,cc,9,14
dcommand/fadermodule/mixer/strips/13/track/encoder/1/knob,cc,6,14
dcommand/fadermodule/mixer/strips/13/track/encoder/1/select,cc,10,14
dcommand/fadermodule/mixer/strips/13/track/encoder/1/bmp,cc,11,14
dcommand/fadermodule/mixer/strips/13/track/pagedn,cc,12,14
dcommand/fadermodule/mixer/strips/13/track/pageup,cc,13,14
dcommand/fadermodule/mixer/strips/13/track/insert,cc,14,14
dcommand/fadermodule/mixer/strips/13/track/pan,cc,15,14
dcommand/fadermodule/mixer/strips/13/track/bypmute,cc,16,14
dcommand/fadermodule/mixer/strips/13/track/send,cc,17,14
dcommand/fadermodule/mixer/strips/13/track/input,cc,4,14
dcommand/fadermodule/mixer/strips/13/track/record,cc,2,14
dcommand/fadermodule/mixer/strips/13/track/select,cc,3,14
dcommand/fadermodule/mixer/strips/13/track/solo,cc,1,14
dcommand/fadermodule/mixer/strips/13/track/mute,cc,0,14
dcommand/fadermodule/mixer/strips/13/track/fader,cc,7,14
dcommand/fadermodule/mixer/strips/13/track/autoselect,cc,18,14
dcommand/fadermodule/mixer/strips/13/track/autotrim,cc,19,14
dcommand/fadermodule/mixer/strips/14/track/meter/0,cc,60,15
dcommand/fadermodule/mixer/strips/14/track/meter/1,cc,61,15
dcommand/fadermodule/mixer/strips/14/track/encoder/0/knob,cc,5,15
dcommand/fadermodule/mixer/strips/14/track/encoder/0/select,cc,8,15
dcommand/fadermodule/mixer/strips/14/track/encoder/0/bmp,cc,9,15
dcommand/fadermodule/mixer/strips/14/track/encoder/1/knob,cc,6,15
dcommand/fadermodule/mixer/strips/14/track/encoder/1/select,cc,10,15
dcommand/fadermodule/mixer/strips/14/track/encoder/1/bmp,cc,11,15
dcommand/fadermodule/mixer/strips/14/track/pagedn,cc,12,15
dcommand/fadermodule/mixer/strips/14/track/pageup,cc,13,15
dcommand/fadermodule/mixer/strips/14/track/insert,cc,14,15
dcommand/fadermodule/mixer/strips/14/track/pan,cc,15,15
dcommand/fadermodule/mixer/strips/14/track/bypmute,cc,16,15
dcommand/fadermodule/mixer/strips/14/track/send,cc,17,15
dcommand/fadermodule/mixer/strips/14/track/input,cc,4,15
dcommand/fadermodule/mixer/strips/14/track/record,cc,2,15
dcommand/fadermodule/mixer/strips/14/track/select,cc,3,15
dcommand/fadermodule/mixer/strips/14/track/solo,cc,1,15
dcommand/fadermodule/mixer/strips/14/track/mute,cc,0,15
dcommand/fadermodule/mixer/strips/14/track/fader,cc,7,15
dcommand/fadermodule/mixer/strips/14/track/autoselect,cc,18,15
dcommand/fadermodule/mixer/strips/14/track/autotrim,cc,19,15
dcommand/fadermodule/mixer/strips/15/track/meter/0,cc,60,16
dcommand/fadermodule/mixer/strips/15/track/meter/1,cc,61,16
dcommand/fadermodule/mixer/strips/15/track/encoder/0/knob,cc,5,16
dcommand/fadermodule/mixer/strips/15/track/encoder/0/select,cc,8,16
dcommand/fadermodule/mixer/strips/15/track/encoder/0/bmp,cc,9,16
dcommand/fadermodule/mixer/strips/15/track/encoder/1/knob,cc,6,16
dcommand/fadermodule/mixer/strips/15/track/encoder/1/select,cc,10,16
dcommand/fadermodule/mixer/strips/15/track/encoder/1/bmp,cc,11,16
dcommand/fadermodule/mixer/strips/15/track/pagedn,cc,12,16
dcommand/fadermodule/mixer/strips/15/track/pageup,cc,13,16
dcommand/fadermodule/mixer/strips/15/track/insert,cc,14,16
dcommand/fadermodule/mixer/strips/15/track/pan,cc,15,16
dcommand/fadermodule/mixer/strips/15/track/bypmute,cc,16,16
dcommand/fadermodule/mixer/strips/15/track/send,cc,17,16
dcommand/fadermodule/mixer/strips/15/track/input,cc,4,16
dcommand/fadermodule/mixer/strips/15/track/record,cc,2,16
dcommand/fadermodule/mixer/strips/15/track/select,cc,3,16
dcommand/fadermodule/mixer/strips/15/track/solo,cc,1,16
dcommand/fadermodule/mixer/strips/15/track/mute,cc,0,16
dcommand/fadermodule/mixer/strips/15/track/fader,cc,7,16
dcommand/fadermodule/mixer/strips/15/track/autoselect,cc,18,16
dcommand/fadermodule/mixer/strips/15/track/autotrim,cc,19,16
,,,
,,,
,,Decimal,Hex
sysex header,,"19,64,64,0,4","13,40,40,0,4"
sysex address,,,
dcommand/fadermodule/mixer/strips/0/track/encoder/0/scribble,sysex,"105,1","69,01"
dcommand/fadermodule/mixer/strips/0/track/encoder/1/scribble,sysex,"106,1","6a,01"
dcommand/fadermodule/mixer/strips/0/track/name,sysex,"107,1","6b,01"
dcommand/fadermodule/mixer/strips/1/track/encoder/0/scribble,sysex,"105,2","69,02"
dcommand/fadermodule/mixer/strips/1/track/encoder/1/scribble,sysex,"106,2","6a,02"
dcommand/fadermodule/mixer/strips/1/track/name,sysex,"107,2","6b,02"
dcommand/fadermodule/mixer/strips/2/track/encoder/0/scribble,sysex,"105,3","69,03"
dcommand/fadermodule/mixer/strips/2/track/encoder/1/scribble,sysex,"106,3","6a,03"
dcommand/fadermodule/mixer/strips/2/track/name,sysex,"107,3","6b,03"
dcommand/fadermodule/mixer/strips/3/track/encoder/0/scribble,sysex,"105,4","69,04"
dcommand/fadermodule/mixer/strips/3/track/encoder/1/scribble,sysex,"106,4","6a,04"
dcommand/fadermodule/mixer/strips/3/track/name,sysex,"107,4","6b,04"
dcommand/fadermodule/mixer/strips/4/track/encoder/0/scribble,sysex,"105,5","69,05"
dcommand/fadermodule/mixer/strips/4/track/encoder/1/scribble,sysex,"106,5","6a,05"
dcommand/fadermodule/mixer/strips/4/track/name,sysex,"107,5","6b,05"
dcommand/fadermodule/mixer/strips/5/track/encoder/0/scribble,sysex,"105,6","69,06"
dcommand/fadermodule/mixer/strips/5/track/encoder/1/scribble,sysex,"106,6","6a,06"
dcommand/fadermodule/mixer/strips/5/track/name,sysex,"107,6","6b,06"
dcommand/fadermodule/mixer/strips/6/track/encoder/0/scribble,sysex,"105,7","69,07"
dcommand/fadermodule/mixer/strips/6/track/encoder/1/scribble,sysex,"106,7","6a,07"
dcommand/fadermodule/mixer/strips/6/track/name,sysex,"107,7","6b,07"
dcommand/fadermodule/mixer/strips/7/track/encoder/0/scribble,sysex,"105,8","69,08"
dcommand/fadermodule/mixer/strips/7/track/encoder/1/scribble,sysex,"106,8","6a,08"
dcommand/fadermodule/mixer/strips/7/track/name,sysex,"107,8","6b,08"
dcommand/fadermodule/mixer/strips/8/track/encoder/0/scribble,sysex,"5,9","05,09"
dcommand/fadermodule/mixer/strips/8/track/encoder/1/scribble,sysex,"6,9","06,09"
dcommand/fadermodule/mixer/strips/8/track/name,sysex,"7,9","07,09"
dcommand/fadermodule/mixer/strips/9/track/encoder/0/scribble,sysex,"5,10","05,0a"
dcommand/fadermodule/mixer/strips/9/track/encoder/1/scribble,sysex,"6,10","06,0a"
dcommand/fadermodule/mixer/strips/9/track/name,sysex,"7,10","07,0a"
dcommand/fadermodule/mixer/strips/10/track/encoder/0/scribble,sysex,"5,11","05,0b"
dcommand/fadermodule/mixer/strips/10/track/encoder/1/scribble,sysex,"6,11","06,0b"
dcommand/fadermodule/mixer/strips/10/track/name,sysex,"7,11","07,0b"
dcommand/fadermodule/mixer/strips/11/track/encoder/0/scribble,sysex,"5,12","05,0c"
dcommand/fadermodule/mixer/strips/11/track/encoder/1/scribble,sysex,"6,12","06,0c"
dcommand/fadermodule/mixer/strips/11/track/name,sysex,"7,12","07,0c"
dcommand/fadermodule/mixer/strips/12/track/encoder/0/scribble,sysex,"5,13","05,0d"
dcommand/fadermodule/mixer/strips/12/track/encoder/1/scribble,sysex,"6,13","06,0d"
dcommand/fadermodule/mixer/strips/12/track/name,sysex,"7,13","07,0d"
dcommand/fadermodule/mixer/strips/13/track/encoder/0/scribble,sysex,"5,14","05,0e"
dcommand/fadermodule/mixer/strips/13/track/encoder/1/scribble,sysex,"6,14","06,0e"
dcommand/fadermodule/mixer/strips/13/track/name,sysex,"7,14","07,0e"
dcommand/fadermodule/mixer/strips/14/track/encoder/0/scribble,sysex,"5,15","05,0f"
dcommand/fadermodule/mixer/strips/14/track/encoder/1/scribble,sysex,"6,15","06,0f"
dcommand/fadermodule/mixer/strips/14/track/name,sysex,"7,15","07,0f"
dcommand/fadermodule/mixer/strips/15/track/encoder/0/scribble,sysex,"5,16","05,10"
dcommand/fadermodule/mixer/strips/15/track/encoder/1/scribble,sysex,"6,16","06,10"
dcommand/fadermodule/mixer/strips/15/track/name,sysex,"7,16","07,10"